,objective_name,solver_name,data_name,idx_rep,stop_val,time,objective_value,env-OMP_NUM_THREADS,platform,platform-architecture,platform-release,platform-version,system-cpus,system-processor,system-ram (GB),version-cuda,version-numpy,version-scipy
0,Lasso objective[rho=1.0],cd_solver - AA class,"Simulated[n_features=10000,n_samples=1000]",0,0,0.058562699999999523,1090186.2685402175,,Windows,AMD64,10,10.0.19041,8,"Intel64 Family 6 Model 142 Stepping 11, GenuineIntel",8,NVIDIA GeForce MX130: cuda_11.6,"('1.21.6', 'blas=D:\\\\a\\\\1\\\\s\\\\numpy\\\\build\\\\openblas_info, lapack=D:\\\\a\\\\1\\\\s\\\\numpy\\\\build\\\\openblas_lapack_info')",1.7.3
1,Lasso objective[rho=1.0],cd_solver - AA class,"Simulated[n_features=10000,n_samples=1000]",0,1,0.07193450000000112,1090186.2685402175,,Windows,AMD64,10,10.0.19041,8,"Intel64 Family 6 Model 142 Stepping 11, GenuineIntel",8,NVIDIA GeForce MX130: cuda_11.6,"('1.21.6', 'blas=D:\\\\a\\\\1\\\\s\\\\numpy\\\\build\\\\openblas_info, lapack=D:\\\\a\\\\1\\\\s\\\\numpy\\\\build\\\\openblas_lapack_info')",1.7.3
2,Lasso objective[rho=1.0],cd_solver - AA class,"Simulated[n_features=10000,n_samples=1000]",0,2,0.07443199999999983,1090186.2685402175,,Windows,AMD64,10,10.0.19041,8,"Intel64 Family 6 Model 142 Stepping 11, GenuineIntel",8,NVIDIA GeForce MX130: cuda_11.6,"('1.21.6', 'blas=D:\\\\a\\\\1\\\\s\\\\numpy\\\\build\\\\openblas_info, lapack=D:\\\\a\\\\1\\\\s\\\\numpy\\\\build\\\\openblas_lapack_info')",1.7.3
3,Lasso objective[rho=1.0],cd_solver - AA class,"Simulated[n_features=10000,n_samples=1000]",0,4,0.0680133000000005,1090186.2685402175,,Windows,AMD64,10,10.0.19041,8,"Intel64 Family 6 Model 142 Stepping 11, GenuineIntel",8,NVIDIA GeForce MX130: cuda_11.6,"('1.21.6', 'blas=D:\\\\a\\\\1\\\\s\\\\numpy\\\\build\\\\openblas_info, lapack=D:\\\\a\\\\1\\\\s\\\\numpy\\\\build\\\\openblas_lapack_info')",1.7.3
4,Lasso objective[rho=1.0],cd_solver - no AA class,"Simulated[n_features=10000,n_samples=1000]",0,0,0.04053590000000007,1090186.2685402175,,Windows,AMD64,10,10.0.19041,8,"Intel64 Family 6 Model 142 Stepping 11, GenuineIntel",8,NVIDIA GeForce MX130: cuda_11.6,"('1.21.6', 'blas=D:\\\\a\\\\1\\\\s\\\\numpy\\\\build\\\\openblas_info, lapack=D:\\\\a\\\\1\\\\s\\\\numpy\\\\build\\\\openblas_lapack_info')",1.7.3
5,Lasso objective[rho=1.0],cd_solver - no AA class,"Simulated[n_features=10000,n_samples=1000]",0,1,0.05055819999999933,1090186.2685402175,,Windows,AMD64,10,10.0.19041,8,"Intel64 Family 6 Model 142 Stepping 11, GenuineIntel",8,NVIDIA GeForce MX130: cuda_11.6,"('1.21.6', 'blas=D:\\\\a\\\\1\\\\s\\\\numpy\\\\build\\\\openblas_info, lapack=D:\\\\a\\\\1\\\\s\\\\numpy\\\\build\\\\openblas_lapack_info')",1.7.3
6,Lasso objective[rho=1.0],cd_solver - no AA class,"Simulated[n_features=10000,n_samples=1000]",0,2,0.06817690000000098,1090186.2685402175,,Windows,AMD64,10,10.0.19041,8,"Intel64 Family 6 Model 142 Stepping 11, GenuineIntel",8,NVIDIA GeForce MX130: cuda_11.6,"('1.21.6', 'blas=D:\\\\a\\\\1\\\\s\\\\numpy\\\\build\\\\openblas_info, lapack=D:\\\\a\\\\1\\\\s\\\\numpy\\\\build\\\\openblas_lapack_info')",1.7.3
7,Lasso objective[rho=1.0],cd_solver - no AA class,"Simulated[n_features=10000,n_samples=1000]",0,4,0.07023500000000027,1090186.2685402175,,Windows,AMD64,10,10.0.19041,8,"Intel64 Family 6 Model 142 Stepping 11, GenuineIntel",8,NVIDIA GeForce MX130: cuda_11.6,"('1.21.6', 'blas=D:\\\\a\\\\1\\\\s\\\\numpy\\\\build\\\\openblas_info, lapack=D:\\\\a\\\\1\\\\s\\\\numpy\\\\build\\\\openblas_lapack_info')",1.7.3
8,Lasso objective[rho=0.1],cd_solver - AA class,"Simulated[n_features=10000,n_samples=1000]",0,0,0.039802099999999285,1090186.2685402175,,Windows,AMD64,10,10.0.19041,8,"Intel64 Family 6 Model 142 Stepping 11, GenuineIntel",8,NVIDIA GeForce MX130: cuda_11.6,"('1.21.6', 'blas=D:\\\\a\\\\1\\\\s\\\\numpy\\\\build\\\\openblas_info, lapack=D:\\\\a\\\\1\\\\s\\\\numpy\\\\build\\\\openblas_lapack_info')",1.7.3
9,Lasso objective[rho=0.1],cd_solver - AA class,"Simulated[n_features=10000,n_samples=1000]",0,1,0.04520890000000222,1219015.1906989445,,Windows,AMD64,10,10.0.19041,8,"Intel64 Family 6 Model 142 Stepping 11, GenuineIntel",8,NVIDIA GeForce MX130: cuda_11.6,"('1.21.6', 'blas=D:\\\\a\\\\1\\\\s\\\\numpy\\\\build\\\\openblas_info, lapack=D:\\\\a\\\\1\\\\s\\\\numpy\\\\build\\\\openblas_lapack_info')",1.7.3
10,Lasso objective[rho=0.1],cd_solver - AA class,"Simulated[n_features=10000,n_samples=1000]",0,2,0.05753749999999869,1289064.2173829826,,Windows,AMD64,10,10.0.19041,8,"Intel64 Family 6 Model 142 Stepping 11, GenuineIntel",8,NVIDIA GeForce MX130: cuda_11.6,"('1.21.6', 'blas=D:\\\\a\\\\1\\\\s\\\\numpy\\\\build\\\\openblas_info, lapack=D:\\\\a\\\\1\\\\s\\\\numpy\\\\build\\\\openblas_lapack_info')",1.7.3
11,Lasso objective[rho=0.1],cd_solver - AA class,"Simulated[n_features=10000,n_samples=1000]",0,3,0.1004757000000005,1397667.416641008,,Windows,AMD64,10,10.0.19041,8,"Intel64 Family 6 Model 142 Stepping 11, GenuineIntel",8,NVIDIA GeForce MX130: cuda_11.6,"('1.21.6', 'blas=D:\\\\a\\\\1\\\\s\\\\numpy\\\\build\\\\openblas_info, lapack=D:\\\\a\\\\1\\\\s\\\\numpy\\\\build\\\\openblas_lapack_info')",1.7.3
12,Lasso objective[rho=0.1],cd_solver - no AA class,"Simulated[n_features=10000,n_samples=1000]",0,0,0.06359070000000244,1090186.2685402175,,Windows,AMD64,10,10.0.19041,8,"Intel64 Family 6 Model 142 Stepping 11, GenuineIntel",8,NVIDIA GeForce MX130: cuda_11.6,"('1.21.6', 'blas=D:\\\\a\\\\1\\\\s\\\\numpy\\\\build\\\\openblas_info, lapack=D:\\\\a\\\\1\\\\s\\\\numpy\\\\build\\\\openblas_lapack_info')",1.7.3
13,Lasso objective[rho=0.1],cd_solver - no AA class,"Simulated[n_features=10000,n_samples=1000]",0,1,0.08140919999999952,1219015.1906989445,,Windows,AMD64,10,10.0.19041,8,"Intel64 Family 6 Model 142 Stepping 11, GenuineIntel",8,NVIDIA GeForce MX130: cuda_11.6,"('1.21.6', 'blas=D:\\\\a\\\\1\\\\s\\\\numpy\\\\build\\\\openblas_info, lapack=D:\\\\a\\\\1\\\\s\\\\numpy\\\\build\\\\openblas_lapack_info')",1.7.3
14,Lasso objective[rho=0.1],cd_solver - no AA class,"Simulated[n_features=10000,n_samples=1000]",0,2,0.0881475000000016,1289064.2173829826,,Windows,AMD64,10,10.0.19041,8,"Intel64 Family 6 Model 142 Stepping 11, GenuineIntel",8,NVIDIA GeForce MX130: cuda_11.6,"('1.21.6', 'blas=D:\\\\a\\\\1\\\\s\\\\numpy\\\\build\\\\openblas_info, lapack=D:\\\\a\\\\1\\\\s\\\\numpy\\\\build\\\\openblas_lapack_info')",1.7.3
15,Lasso objective[rho=0.1],cd_solver - no AA class,"Simulated[n_features=10000,n_samples=1000]",0,3,0.09173090000000172,1397667.416641008,,Windows,AMD64,10,10.0.19041,8,"Intel64 Family 6 Model 142 Stepping 11, GenuineIntel",8,NVIDIA GeForce MX130: cuda_11.6,"('1.21.6', 'blas=D:\\\\a\\\\1\\\\s\\\\numpy\\\\build\\\\openblas_info, lapack=D:\\\\a\\\\1\\\\s\\\\numpy\\\\build\\\\openblas_lapack_info')",1.7.3
16,Lasso objective[rho=0.01],cd_solver - AA class,"Simulated[n_features=10000,n_samples=1000]",0,0,0.06629489999999905,1090186.2685402175,,Windows,AMD64,10,10.0.19041,8,"Intel64 Family 6 Model 142 Stepping 11, GenuineIntel",8,NVIDIA GeForce MX130: cuda_11.6,"('1.21.6', 'blas=D:\\\\a\\\\1\\\\s\\\\numpy\\\\build\\\\openblas_info, lapack=D:\\\\a\\\\1\\\\s\\\\numpy\\\\build\\\\openblas_lapack_info')",1.7.3
17,Lasso objective[rho=0.01],cd_solver - AA class,"Simulated[n_features=10000,n_samples=1000]",0,1,0.05385660000000314,1250139.2858035427,,Windows,AMD64,10,10.0.19041,8,"Intel64 Family 6 Model 142 Stepping 11, GenuineIntel",8,NVIDIA GeForce MX130: cuda_11.6,"('1.21.6', 'blas=D:\\\\a\\\\1\\\\s\\\\numpy\\\\build\\\\openblas_info, lapack=D:\\\\a\\\\1\\\\s\\\\numpy\\\\build\\\\openblas_lapack_info')",1.7.3
18,Lasso objective[rho=0.01],cd_solver - AA class,"Simulated[n_features=10000,n_samples=1000]",0,2,0.07164579999999887,1332579.2792730667,,Windows,AMD64,10,10.0.19041,8,"Intel64 Family 6 Model 142 Stepping 11, GenuineIntel",8,NVIDIA GeForce MX130: cuda_11.6,"('1.21.6', 'blas=D:\\\\a\\\\1\\\\s\\\\numpy\\\\build\\\\openblas_info, lapack=D:\\\\a\\\\1\\\\s\\\\numpy\\\\build\\\\openblas_lapack_info')",1.7.3
19,Lasso objective[rho=0.01],cd_solver - AA class,"Simulated[n_features=10000,n_samples=1000]",0,3,0.09205460000000087,1490685.5185974664,,Windows,AMD64,10,10.0.19041,8,"Intel64 Family 6 Model 142 Stepping 11, GenuineIntel",8,NVIDIA GeForce MX130: cuda_11.6,"('1.21.6', 'blas=D:\\\\a\\\\1\\\\s\\\\numpy\\\\build\\\\openblas_info, lapack=D:\\\\a\\\\1\\\\s\\\\numpy\\\\build\\\\openblas_lapack_info')",1.7.3
20,Lasso objective[rho=0.01],cd_solver - no AA class,"Simulated[n_features=10000,n_samples=1000]",0,0,0.06857679999999888,1090186.2685402175,,Windows,AMD64,10,10.0.19041,8,"Intel64 Family 6 Model 142 Stepping 11, GenuineIntel",8,NVIDIA GeForce MX130: cuda_11.6,"('1.21.6', 'blas=D:\\\\a\\\\1\\\\s\\\\numpy\\\\build\\\\openblas_info, lapack=D:\\\\a\\\\1\\\\s\\\\numpy\\\\build\\\\openblas_lapack_info')",1.7.3
21,Lasso objective[rho=0.01],cd_solver - no AA class,"Simulated[n_features=10000,n_samples=1000]",0,1,0.07251320000000305,1250139.2858035427,,Windows,AMD64,10,10.0.19041,8,"Intel64 Family 6 Model 142 Stepping 11, GenuineIntel",8,NVIDIA GeForce MX130: cuda_11.6,"('1.21.6', 'blas=D:\\\\a\\\\1\\\\s\\\\numpy\\\\build\\\\openblas_info, lapack=D:\\\\a\\\\1\\\\s\\\\numpy\\\\build\\\\openblas_lapack_info')",1.7.3
22,Lasso objective[rho=0.01],cd_solver - no AA class,"Simulated[n_features=10000,n_samples=1000]",0,2,0.08202439999999811,1332579.2792730667,,Windows,AMD64,10,10.0.19041,8,"Intel64 Family 6 Model 142 Stepping 11, GenuineIntel",8,NVIDIA GeForce MX130: cuda_11.6,"('1.21.6', 'blas=D:\\\\a\\\\1\\\\s\\\\numpy\\\\build\\\\openblas_info, lapack=D:\\\\a\\\\1\\\\s\\\\numpy\\\\build\\\\openblas_lapack_info')",1.7.3
23,Lasso objective[rho=0.01],cd_solver - no AA class,"Simulated[n_features=10000,n_samples=1000]",0,3,0.06956020000000152,1490685.5185974664,,Windows,AMD64,10,10.0.19041,8,"Intel64 Family 6 Model 142 Stepping 11, GenuineIntel",8,NVIDIA GeForce MX130: cuda_11.6,"('1.21.6', 'blas=D:\\\\a\\\\1\\\\s\\\\numpy\\\\build\\\\openblas_info, lapack=D:\\\\a\\\\1\\\\s\\\\numpy\\\\build\\\\openblas_lapack_info')",1.7.3
24,Lasso objective[rho=0.001],cd_solver - AA class,"Simulated[n_features=10000,n_samples=1000]",0,0,0.04666289999999762,1090186.2685402175,,Windows,AMD64,10,10.0.19041,8,"Intel64 Family 6 Model 142 Stepping 11, GenuineIntel",8,NVIDIA GeForce MX130: cuda_11.6,"('1.21.6', 'blas=D:\\\\a\\\\1\\\\s\\\\numpy\\\\build\\\\openblas_info, lapack=D:\\\\a\\\\1\\\\s\\\\numpy\\\\build\\\\openblas_lapack_info')",1.7.3
25,Lasso objective[rho=0.001],cd_solver - AA class,"Simulated[n_features=10000,n_samples=1000]",0,1,0.0688968999999986,1253437.7411366939,,Windows,AMD64,10,10.0.19041,8,"Intel64 Family 6 Model 142 Stepping 11, GenuineIntel",8,NVIDIA GeForce MX130: cuda_11.6,"('1.21.6', 'blas=D:\\\\a\\\\1\\\\s\\\\numpy\\\\build\\\\openblas_info, lapack=D:\\\\a\\\\1\\\\s\\\\numpy\\\\build\\\\openblas_lapack_info')",1.7.3
26,Lasso objective[rho=0.001],cd_solver - AA class,"Simulated[n_features=10000,n_samples=1000]",0,2,0.08337799999999973,1341094.98739852,,Windows,AMD64,10,10.0.19041,8,"Intel64 Family 6 Model 142 Stepping 11, GenuineIntel",8,NVIDIA GeForce MX130: cuda_11.6,"('1.21.6', 'blas=D:\\\\a\\\\1\\\\s\\\\numpy\\\\build\\\\openblas_info, lapack=D:\\\\a\\\\1\\\\s\\\\numpy\\\\build\\\\openblas_lapack_info')",1.7.3
27,Lasso objective[rho=0.001],cd_solver - AA class,"Simulated[n_features=10000,n_samples=1000]",0,3,0.10444229999999877,1472670.0552039198,,Windows,AMD64,10,10.0.19041,8,"Intel64 Family 6 Model 142 Stepping 11, GenuineIntel",8,NVIDIA GeForce MX130: cuda_11.6,"('1.21.6', 'blas=D:\\\\a\\\\1\\\\s\\\\numpy\\\\build\\\\openblas_info, lapack=D:\\\\a\\\\1\\\\s\\\\numpy\\\\build\\\\openblas_lapack_info')",1.7.3
28,Lasso objective[rho=0.001],cd_solver - no AA class,"Simulated[n_features=10000,n_samples=1000]",0,0,0.06177650000000057,1090186.2685402175,,Windows,AMD64,10,10.0.19041,8,"Intel64 Family 6 Model 142 Stepping 11, GenuineIntel",8,NVIDIA GeForce MX130: cuda_11.6,"('1.21.6', 'blas=D:\\\\a\\\\1\\\\s\\\\numpy\\\\build\\\\openblas_info, lapack=D:\\\\a\\\\1\\\\s\\\\numpy\\\\build\\\\openblas_lapack_info')",1.7.3
29,Lasso objective[rho=0.001],cd_solver - no AA class,"Simulated[n_features=10000,n_samples=1000]",0,1,0.07358889999999718,1253437.7411366939,,Windows,AMD64,10,10.0.19041,8,"Intel64 Family 6 Model 142 Stepping 11, GenuineIntel",8,NVIDIA GeForce MX130: cuda_11.6,"('1.21.6', 'blas=D:\\\\a\\\\1\\\\s\\\\numpy\\\\build\\\\openblas_info, lapack=D:\\\\a\\\\1\\\\s\\\\numpy\\\\build\\\\openblas_lapack_info')",1.7.3
30,Lasso objective[rho=0.001],cd_solver - no AA class,"Simulated[n_features=10000,n_samples=1000]",0,2,0.08282330000000115,1341094.98739852,,Windows,AMD64,10,10.0.19041,8,"Intel64 Family 6 Model 142 Stepping 11, GenuineIntel",8,NVIDIA GeForce MX130: cuda_11.6,"('1.21.6', 'blas=D:\\\\a\\\\1\\\\s\\\\numpy\\\\build\\\\openblas_info, lapack=D:\\\\a\\\\1\\\\s\\\\numpy\\\\build\\\\openblas_lapack_info')",1.7.3
31,Lasso objective[rho=0.001],cd_solver - no AA class,"Simulated[n_features=10000,n_samples=1000]",0,3,0.09234899999999868,1472669.8082104346,,Windows,AMD64,10,10.0.19041,8,"Intel64 Family 6 Model 142 Stepping 11, GenuineIntel",8,NVIDIA GeForce MX130: cuda_11.6,"('1.21.6', 'blas=D:\\\\a\\\\1\\\\s\\\\numpy\\\\build\\\\openblas_info, lapack=D:\\\\a\\\\1\\\\s\\\\numpy\\\\build\\\\openblas_lapack_info')",1.7.3
